[
  {
    "province": "Provinsi Aceh",
    "regency": [
      "Kabupaten Simeulue",
      "Kabupaten Aceh Singkil",
      "Kabupaten Aceh Selatan",
      "Kabupaten Aceh Tenggara",
      "Kabupaten Aceh Timur",
      "Kabupaten Aceh Tengah",
      "Kabupaten Aceh Barat",
      "Kabupaten Aceh Besar",
      "Kabupaten Pidie",
      "Kabupaten Bireuen",
      "Kabupaten Aceh Utara",
      "Kabupaten Aceh Barat Daya",
      "Kabupaten Gayo Lues",
      "Kabupaten Aceh Tamiang",
      "Kabupaten Nagan Raya",
      "Kabupaten Aceh Jaya",
      "Kabupaten Bener Meriah",
      "Kabupaten Pidie Jaya",
      "Kota Banda Aceh",
      "Kota Sabang",
      "Kota Langsa",
      "Kota Lhokseumawe",
      "Kota Subulussalam"
    ]
  },
  {
    "province": "Provinsi Sumatra Utara",
    "regency": [
      "Kabupaten Asahan",
      "Kabupaten Batubara",
      "Kabupaten Dairi",
      "Kabupaten Deli Serdang",
      "Kabupaten Humbang Hasundutan",
      "Kabupaten Karo",
      "Kabupaten Labuhanbatu",
      "Kabupaten Labuhanbatu Selatan",
      "Kabupaten Labuhanbatu Utara",
      "Kabupaten Langkat",
      "Kabupaten Mandailing Natal",
      "Kabupaten Nias",
      "Kabupaten Nias Barat",
      "Kabupaten Nias Selatan",
      "Kabupaten Nias Utara",
      "Kabupaten Padang Lawas",
      "Kabupaten Padang Lawas Utara",
      "Kabupaten Pakpak Bharat",
      "Kabupaten Samosir",
      "Kabupaten Serdang Bedagai",
      "Kabupaten Simalungun",
      "Kabupaten Tapanuli Selatan",
      "Kabupaten Tapanuli Tengah",
      "Kabupaten Tapanuli Utara",
      "Kabupaten Toba",
      "Kota Binjai",
      "Kota Gunungsitoli",
      "Kota Medan",
      "Kota Padangsidempuan",
      "Kota Pematangsiantar",
      "Kota Sibolga",
      "Kota Tanjung Balai",
      "Kota Tebing Tinggi"
    ]
  },
  {
    "province": "Provinsi Sumatra Barat",
    "regency": [
      "Kabupaten Agam",
      "Kabupaten Dharmasraya",
      "Kabupaten Kepulauan Mentawai",
      "Kabupaten Lima Puluh Kota",
      "Kabupaten Padang Pariaman",
      "Kabupaten Pasaman",
      "Kabupaten Pasaman Barat",
      "Kabupaten Pesisir Selatan",
      "Kabupaten Sijunjung",
      "Kabupaten Solok",
      "Kabupaten Solok Selatan",
      "Kabupaten Tanah Datar",
      "Kota Bukittinggi",
      "Kota Padang",
      "Kota Padang Panjang",
      "Kota Pariaman",
      "Kota Payakumbuh",
      "Kota Sawahlunto",
      "Kota Solok"
    ]
  },
  {
    "province": "Provinsi Riau",
    "regency": [
      "Kabupaten Kuantan Singingi",
      "Kabupaten Indragiri Hulu",
      "Kabupaten Indragiri Hilir",
      "Kabupaten Pelalawan",
      "Kabupaten Siak",
      "Kabupaten Kampar",
      "Kabupaten Rokan Hulu",
      "Kabupaten Bengkalis",
      "Kabupaten Rokan Hilir",
      "Kabupaten Kepulauan Meranti",
      "Kota Pekanbaru",
      "Kota Dumai"
    ]
  },
  {
    "province": "Provinsi Jambi",
    "regency": [
      "Kabupaten Batanghari",
      "Kabupaten Bungo",
      "Kabupaten Kerinci",
      "Kabupaten Merangin",
      "Kabupaten Muaro Jambi",
      "Kabupaten Sarolangun",
      "Kabupaten Tanjung Jabung Barat",
      "Kabupaten Tanjung Jabung Timur",
      "Kabupaten Tebo",
      "Kota Jambi",
      "Kota Sungai Penuh"
    ]
  },
  {
    "province": "Provinsi Sumatra Selatan",
    "regency": [
      "Kabupaten Banyuasin",
      "Kabupaten Empat Lawang",
      "Kabupaten Lahat",
      "Kabupaten Muara Enim",
      "Kabupaten Musi Banyuasin",
      "Kabupaten Musi Rawas",
      "Kabupaten Musi Rawas Utara",
      "Kabupaten Ogan Ilir",
      "Kabupaten Ogan Komering Ilir",
      "Kabupaten Ogan Komering Ulu",
      "Kabupaten Ogan Komering Ulu Selatan",
      "Kabupaten Ogan Komering Ulu Timur",
      "Kabupaten Penukal Abab Lematang Ilir",
      "Kota Lubuklinggau",
      "Kota Pagar Alam",
      "Kota Palembang",
      "Kota Prabumulih"
    ]
  },
  {
    "province": "Provinsi Bengkulu",
    "regency": [
      "Kabupaten Bengkulu Selatan",
      "Kabupaten Rejang Lebong",
      "Kabupaten Bengkulu Utara",
      "Kabupaten Kaur",
      "Kabupaten Seluma",
      "Kabupaten Mukomuko",
      "Kabupaten Lebong",
      "Kabupaten Kepahiang",
      "Kabupaten Bengkulu Tengah",
      "Kota Bengkulu"
    ]
  },
  {
    "province": "Provinsi Lampung",
    "regency": [
      "Kabupaten Lampung Tengah",
      "Kabupaten Lampung Utara",
      "Kabupaten Lampung Selatan",
      "Kabupaten Lampung Barat",
      "Kabupaten Lampung Timur",
      "Kabupaten Mesuji",
      "Kabupaten Pesawaran",
      "Kabupaten Pesisir Barat",
      "Kabupaten Pringsewu",
      "Kabupaten Tulang Bawang",
      "Kabupaten Tulang Bawang Barat",
      "Kabupaten Tanggamus",
      "Kabupaten Way Kanan",
      "Kota Bandar Lampung",
      "Kota Metro"
    ]
  },
  {
    "province": "Provinsi Kepulauan Bangka Belitung",
    "regency": [
      "Kabupaten Bangka",
      "Kabupaten Bangka Barat",
      "Kabupaten Bangka Selatan",
      "Kabupaten Bangka Tengah",
      "Kabupaten Belitung",
      "Kabupaten Belitung Timur",
      "Kota Pangkal Pinang"
    ]
  },
  {
    "province": "Provinsi Kepulauan Riau",
    "regency": [
      "Kabupaten Karimun",
      "Kabupaten Bintan",
      "Kabupaten Natuna",
      "Kabupaten Lingga",
      "Kabupaten Kepulauan Anambas",
      "Kota Batam",
      "Kota Tanjung Pinang"
    ]
  },
  {
    "province": "Provinsi DKI Jakarta",
    "regency": [
      "Kota Administrasi Jakarta Barat",
      "Kota Administrasi Jakarta Pusat",
      "Kota Administrasi Jakarta Selatan",
      "Kota Administrasi Jakarta Timur",
      "Kota Administrasi Jakarta Utara",
      "Kabupaten Administrasi Kepulauan Seribu"
    ]
  },
  {
    "province": "Provinsi Jawa Barat",
    "regency": [
      "Kabupaten Bandung",
      "Kabupaten Bandung Barat",
      "Kabupaten Bekasi",
      "Kabupaten Bogor",
      "Kabupaten Ciamis",
      "Kabupaten Cianjur",
      "Kabupaten Cirebon",
      "Kabupaten Garut",
      "Kabupaten Indramayu",
      "Kabupaten Karawang",
      "Kabupaten Kuningan",
      "Kabupaten Majalengka",
      "Kabupaten Pangandaran",
      "Kabupaten Purwakarta",
      "Kabupaten Subang",
      "Kabupaten Sukabumi",
      "Kabupaten Sumedang",
      "Kabupaten Tasikmalaya",
      "Kota Bandung",
      "Kota Banjar",
      "Kota Bekasi",
      "Kota Bogor",
      "Kota Cimahi",
      "Kota Cirebon",
      "Kota Depok",
      "Kota Sukabumi",
      "Kota Tasikmalaya"
    ]
  },
  {
    "province": "Provinsi Jawa Tengah",
    "regency": [
      "Kabupaten Banjarnegara",
      "Kabupaten Banyumas",
      "Kabupaten Batang",
      "Kabupaten Blora",
      "Kabupaten Boyolali",
      "Kabupaten Brebes",
      "Kabupaten Cilacap",
      "Kabupaten Demak",
      "Kabupaten Grobogan",
      "Kabupaten Jepara",
      "Kabupaten Karanganyar",
      "Kabupaten Kebumen",
      "Kabupaten Kendal",
      "Kabupaten Klaten",
      "Kabupaten Kudus",
      "Kabupaten Magelang",
      "Kabupaten Pati",
      "Kabupaten Pekalongan",
      "Kabupaten Pemalang",
      "Kabupaten Purbalingga",
      "Kabupaten Purworejo",
      "Kabupaten Rembang",
      "Kabupaten Semarang",
      "Kabupaten Sragen",
      "Kabupaten Sukoharjo",
      "Kabupaten Tegal",
      "Kabupaten Temanggung",
      "Kabupaten Wonogiri",
      "Kabupaten Wonosobo",
      "Kota Magelang",
      "Kota Pekalongan",
      "Kota Salatiga",
      "Kota Semarang",
      "Kota Surakarta",
      "Kota Tegal"
    ]
  },
  {
    "province": "Provinsi DI Yogyakarta",
    "regency": [
      "Kabupaten Bantul",
      "Kabupaten Sleman",
      "Kabupaten Gunungkidul",
      "Kabupaten Kulon Progo",
      "Kota Yogyakarta"
    ]
  },
  {
    "province": "Provinsi Jawa Timur",
    "regency": [
      "Kabupaten Bangkalan",
      "Kabupaten Banyuwangi",
      "Kabupaten Blitar",
      "Kabupaten Bojonegoro",
      "Kabupaten Bondowoso",
      "Kabupaten Gresik",
      "Kabupaten Jember",
      "Kabupaten Jombang",
      "Kabupaten Kediri",
      "Kabupaten Lamongan",
      "Kabupaten Lumajang",
      "Kabupaten Madiun",
      "Kabupaten Magetan",
      "Kabupaten Malang",
      "Kabupaten Mojokerto",
      "Kabupaten Nganjuk",
      "Kabupaten Ngawi",
      "Kabupaten Pacitan",
      "Kabupaten Pamekasan",
      "Kabupaten Pasuruan",
      "Kabupaten Ponorogo",
      "Kabupaten Probolinggo",
      "Kabupaten Sampang",
      "Kabupaten Sidoarjo",
      "Kabupaten Situbondo",
      "Kabupaten Sumenep",
      "Kabupaten Trenggalek",
      "Kabupaten Tuban",
      "Kabupaten Tulungagung",
      "Kota Batu",
      "Kota Blitar",
      "Kota Kediri",
      "Kota Madiun",
      "Kota Malang",
      "Kota Mojokerto",
      "Kota Pasuruan",
      "Kota Probolinggo",
      "Kota Surabaya"
    ]
  },
  {
    "province": "Provinsi Banten",
    "regency": [
      "Kabupaten Lebak",
      "Kabupaten Pandeglang",
      "Kabupaten Serang",
      "Kabupaten Tangerang",
      "Kota Cilegon",
      "Kota Serang",
      "Kota Tangerang",
      "Kota Tangerang Selatan"
    ]
  },
  {
    "province": "Provinsi Bali",
    "regency": [
      "Kabupaten Jembrana",
      "Kabupaten Tabanan",
      "Kabupaten Badung",
      "Kabupaten Gianyar",
      "Kabupaten Klungkung",
      "Kabupaten Bangli",
      "Kabupaten Karangasem",
      "Kabupaten Buleleng",
      "Kota Denpasar"
    ]
  },
  {
    "province": "Provinsi Nusa Tenggara Barat",
    "regency": [
      "Kabupaten Bima",
      "Kabupaten Dompu",
      "Kabupaten Lombok Barat",
      "Kabupaten Lombok Tengah",
      "Kabupaten Lombok Timur",
      "Kabupaten Lombok Utara",
      "Kabupaten Sumbawa",
      "Kabupaten Sumbawa Barat",
      "Kota Bima",
      "Kota Mataram"
    ]
  },
  {
    "province": "Provinsi Nusa Tenggara Timur",
    "regency": [
      "Kabupaten Alor",
      "Kabupaten Belu",
      "Kabupaten Ende",
      "Kabupaten Flores Timur",
      "Kabupaten Kupang",
      "Kabupaten Lembata",
      "Kabupaten Malaka",
      "Kabupaten Manggarai",
      "Kabupaten Manggarai Barat",
      "Kabupaten Manggarai Timur",
      "Kabupaten Ngada",
      "Kabupaten Nagekeo",
      "Kabupaten Rote Ndao",
      "Kabupaten Sabu Raijua",
      "Kabupaten Sikka",
      "Kabupaten Sumba Barat",
      "Kabupaten Sumba Barat Daya",
      "Kabupaten Sumba Tengah",
      "Kabupaten Sumba Timur",
      "Kabupaten Timor Tengah Selatan",
      "Kabupaten Timor Tengah Utara",
      "Kota Kupang"
    ]
  },
  {
    "province": "Provinsi Kalimantan Barat",
    "regency": [
      "Kabupaten Bengkayang",
      "Kabupaten Kapuas Hulu",
      "Kabupaten Kayong Utara",
      "Kabupaten Ketapang",
      "Kabupaten Kubu Raya",
      "Kabupaten Landak",
      "Kabupaten Melawi",
      "Kabupaten Mempawah",
      "Kabupaten Sambas",
      "Kabupaten Sanggau",
      "Kabupaten Sekadau",
      "Kabupaten Sintang",
      "Kota Pontianak",
      "Kota Singkawang"
    ]
  },
  {
    "province": "Provinsi Kalimantan Tengah",
    "regency": [
      "Kabupaten Barito Selatan",
      "Kabupaten Barito Timur",
      "Kabupaten Barito Utara",
      "Kabupaten Gunung Mas",
      "Kabupaten Kapuas",
      "Kabupaten Katingan",
      "Kabupaten Kotawaringin Barat",
      "Kabupaten Kotawaringin Timur",
      "Kabupaten Lamandau",
      "Kabupaten Murung Raya",
      "Kabupaten Pulang Pisau",
      "Kabupaten Sukamara",
      "Kabupaten Seruyan",
      "Kota Palangka Raya"
    ]
  },
  {
    "province": "Provinsi Kalimantan Selatan",
    "regency": [
      "Kabupaten Balangan",
      "Kabupaten Banjar",
      "Kabupaten Barito Kuala",
      "Kabupaten Hulu Sungai Selatan",
      "Kabupaten Hulu Sungai Tengah",
      "Kabupaten Hulu Sungai Utara",
      "Kabupaten Kotabaru",
      "Kabupaten Tabalong",
      "Kabupaten Tanah Bumbu",
      "Kabupaten Tanah Laut",
      "Kabupaten Tapin",
      "Kota Banjarbaru",
      "Kota Banjarmasin"
    ]
  },
  {
    "province": "Provinsi Kalimantan Timur",
    "regency": [
      "Kabupaten Berau",
      "Kabupaten Kutai Barat",
      "Kabupaten Kutai Kartanegara",
      "Kabupaten Kutai Timur",
      "Kabupaten Mahakam Ulu",
      "Kabupaten Paser",
      "Kabupaten Penajam Paser Utara",
      "Kota Balikpapan",
      "Kota Bontang",
      "Kota Samarinda"
    ]
  },
  {
    "province": "Provinsi Kalimantan Utara",
    "regency": [
      "Kabupaten Bulungan",
      "Kabupaten Malinau",
      "Kabupaten Nunukan",
      "Kabupaten Tana Tidung",
      "Kota Tarakan"
    ]
  },
  {
    "province": "Provinsi Sulawesi Utara",
    "regency": [
      "Kabupaten Bolaang Mongondow",
      "Kabupaten Bolaang Mongondow Selatan",
      "Kabupaten Bolaang Mongondow Timur",
      "Kabupaten Bolaang Mongondow Utara",
      "Kabupaten Kepulauan Sangihe",
      "Kabupaten Kepulauan Siau Tagulandang Biaro",
      "Kabupaten Kepulauan Talaud",
      "Kabupaten Minahasa",
      "Kabupaten Minahasa Selatan",
      "Kabupaten Minahasa Tenggara",
      "Kabupaten Minahasa Utara",
      "Kota Bitung",
      "Kota Kotamobagu",
      "Kota Manado",
      "Kota Tomohon"
    ]
  },
  {
    "province": "Provinsi Sulawesi Tengah",
    "regency": [
      "Kabupaten Banggai",
      "Kabupaten Banggai Kepulauan",
      "Kabupaten Banggai Laut",
      "Kabupaten Buol",
      "Kabupaten Donggala",
      "Kabupaten Morowali",
      "Kabupaten Morowali Utara",
      "Kabupaten Parigi Moutong",
      "Kabupaten Poso",
      "Kabupaten Sigi",
      "Kabupaten Tojo Una-Una",
      "Kabupaten Toli-Toli",
      "Kota Palu"
    ]
  },
  {
    "province": "Provinsi Sulawesi Selatan",
    "regency": [
      "Kabupaten Bantaeng",
      "Kabupaten Barru",
      "Kabupaten Bone",
      "Kabupaten Bulukumba",
      "Kabupaten Enrekang",
      "Kabupaten Gowa",
      "Kabupaten Jeneponto",
      "Kabupaten Kepulauan Selayar",
      "Kabupaten Luwu",
      "Kabupaten Luwu Timur",
      "Kabupaten Luwu Utara",
      "Kabupaten Maros",
      "Kabupaten Pangkajene dan Kepulauan",
      "Kabupaten Pinrang",
      "Kabupaten Sidenreng Rappang",
      "Kabupaten Sinjai",
      "Kabupaten Soppeng",
      "Kabupaten Takalar",
      "Kabupaten Tana Toraja",
      "Kabupaten Toraja Utara",
      "Kabupaten Wajo",
      "Kota Makassar",
      "Kota Palopo",
      "Kota Parepare"
    ]
  },
  {
    "province": "Provinsi Sulawesi Tenggara",
    "regency": [
      "Kabupaten Bombana",
      "Kabupaten Buton",
      "Kabupaten Buton Selatan",
      "Kabupaten Buton Tengah",
      "Kabupaten Buton Utara",
      "Kabupaten Kolaka",
      "Kabupaten Kolaka Timur",
      "Kabupaten Kolaka Utara",
      "Kabupaten Konawe",
      "Kabupaten Konawe Kepulauan",
      "Kabupaten Konawe Selatan",
      "Kabupaten Konawe Utara",
      "Kabupaten Muna",
      "Kabupaten Muna Barat",
      "Kabupaten Wakatobi",
      "Kota Bau-Bau",
      "Kota Kendari"
    ]
  },
  {
    "province": "Provinsi Gorontalo",
    "regency": [
      "Kabupaten Boalemo",
      "Kabupaten Bone Bolango",
      "Kabupaten Gorontalo",
      "Kabupaten Gorontalo Utara",
      "Kabupaten Pohuwato",
      "Kota Gorontalo"
    ]
  },
  {
    "province": "Provinsi Sulawesi Barat",
    "regency": [
      "Kabupaten Majene",
      "Kabupaten Mamasa",
      "Kabupaten Mamuju",
      "Kabupaten Mamuju Tengah",
      "Kabupaten Mamuju Utara",
      "Kabupaten Polewali Mandar",
      "Kota Mamuju"
    ]
  },
  {
    "province": "Provinsi Maluku",
    "regency": [
      "Kabupaten Buru",
      "Kabupaten Buru Selatan",
      "Kabupaten Kepulauan Aru",
      "Kabupaten Maluku Barat Daya",
      "Kabupaten Maluku Tengah",
      "Kabupaten Maluku Tenggara",
      "Kabupaten Maluku Tenggara Barat",
      "Kabupaten Seram Bagian Barat",
      "Kabupaten Seram Bagian Timur",
      "Kota Ambon",
      "Kota Tual"
    ]
  },
  {
    "province": "Provinsi Maluku Utara",
    "regency": [
      "Kabupaten Halmahera Barat",
      "Kabupaten Halmahera Tengah",
      "Kabupaten Halmahera Utara",
      "Kabupaten Halmahera Selatan",
      "Kabupaten Kepulauan Sula",
      "Kabupaten Halmahera Timur",
      "Kabupaten Pulau Morotai",
      "Kabupaten Pulau Taliabu",
      "Kota Ternate",
      "Kota Tidore Kepulauan"
    ]
  },
  {
    "province": "Provinsi Papua Barat",
    "regency": [
      "Kabupaten Fakfak",
      "Kabupaten Kaimana",
      "Kabupaten Manokwari",
      "Kabupaten Manokwari Selatan",
      "Kabupaten Pegunungan Arfak",
      "Kabupaten Teluk Bintuni",
      "Kabupaten Teluk Wondama"
    ]
  },
  {
    "province": "Provinsi Papua Barat Daya",
    "regency": [
      "Kabupaten Raja Ampat",
      "Kabupaten Sorong",
      "Kabupaten Sorong Selatan",
      "Kabupaten Maybrat",
      "Kabupaten Tambrauw",
      "Kota Sorong"
    ]
  },
  {
    "province": "Provinsi Papua",
    "regency": [
      "Kabupaten Jayapura",
      "Kabupaten Kepulauan Yapen",
      "Kabupaten Biak Numfor",
      "Kabupaten Sarmi",
      "Kabupaten Keerom",
      "Kabupaten Waropen",
      "Kabupaten Supiori",
      "Kabupaten Mamberamo Raya",
      "Kota Jayapura"
    ]
  },
  {
    "province": "Provinsi Papua Selatan",
    "regency": [
      "Kabupaten Merauke",
      "Kabupaten Boven Digoel",
      "Kabupaten Mappi",
      "Kabupaten Asmat"
    ]
  },
  {
    "province": "Provinsi Papua Tengah",
    "regency": [
      "Kabupaten Mimika",
      "Kabupaten Dogiyai",
      "Kabupaten Deiyai",
      "Kabupaten Nabire",
      "Kabupaten Paniai",
      "Kabupaten Intan Jaya",
      "Kabupaten Puncak",
      "Kabupaten Puncak Jaya",
      "Muhammad Baggus Widyanto"
    ]
  }
]